VT Batch AJ4 Black Cat (2020),Discount Club,https://cnfair.com/detail/PI24030016967
BAPESTA SK8 DUNK couple niche sneakers men's autumn vibe meteor shoes casual sports moral training trendy shoes,光杆司令鞋类旗舰店,https://cnfair.com/detail/PI24030016968
Putian shoes AJ4 Red and blue mandarin duck co-branded white sail hot lava Paris non-slip wear-resistant versatile sports basketball shoes,深圳市宝安区莆顺哒鞋厂,https://cnfair.com/detail/PI24030016976
[Anniversary 10% off ends on April 25th] [Collection 1] Boost Yeezy Coconut 350v2 Gypsophila Angel ice cream burlap cream zebra BASF black and white gray orange taillight Oxidation Angel,Mimi商城,https://cnfair.com/detail/PI24030016989
2022 Summer Treading Coconut Slippers for Men yeezy slides couple casual outer wear non-slip thick-soled sandals,新三晖网络鞋商行,https://cnfair.com/detail/PI24030016993
SLAMBLE autumn new straight terry sports pants for men and women basketball running versatile training casual trousers,SLAMBLE,https://cnfair.com/detail/PI24030016994
OG version Dunk series collection,想当个慈善家,https://cnfair.com/detail/PI24030016996
VT NK Dunk Low Cacao Wow (Women&#39;s),Budgetshoes,https://cnfair.com/detail/PI24030016999
NK AF1 Low,Budgetshoes,https://cnfair.com/detail/PI24030017010
shoe,TJ球鞋/只更新天花板,https://cnfair.com/detail/PI24030017013
Cestje autonomous cargo pants multi-pocket loose wide-leg cannon pants versatile Vibe style overalls for men,Cestje,https://cnfair.com/detail/PI24030017020
full black air force one low top sneakers 315115-038 N1KE Air Force 1 Low Black,Budgetshoes,https://cnfair.com/detail/PI24030017021
2002R Destruction Deconstruction Style Retro Casual Running Shoes,TJ球鞋/只更新天花板,https://cnfair.com/detail/PI24030017027
[High quality ready stock] Nike Zoom Kobe 6 Kobe Bryant's 6th generation men's practical basketball shoes,小林户外运动店篮球鞋跑鞋休闲鞋,https://cnfair.com/detail/PI24030017028
"Coconut large size 46 slippers for women to wear outside, slide thick-soled couples summer non-slip slippers for men",唐德男鞋店,https://cnfair.com/detail/PI24030017036
Yeezy Slide slippers,TJ球鞋/只更新天花板,https://cnfair.com/detail/PI24030017041
VT version SB Dunk/Ts AJ1 Low series Exclusively available sizes: Us3.5-Us14/Eu35.5-Eu48.5,7up,https://cnfair.com/detail/PI24030017053
[Vietnam VT version Big special offer benefits 】Nk Dunk Low 11 colors 618 major benefits are launched,想当个慈善家,https://cnfair.com/detail/PI24030017055
NK AF1 Low &#39;07 Black Black,Budgetshoes,https://cnfair.com/detail/PI24030017058
Harajuku SB sneakers road trip Valentine's Day Raspberry Shadow Gray Egg Joint Cashew Flower TS Men's and Women's Sports Shoes,鞋鞋仙子,https://cnfair.com/detail/PI24030017063
European and American trendy brand letter printed casual loose sweatshirt Y2K hip hop street men and women pullover tops jacket trendy ins,防弹少年团TRAPSTAR外贸服装店,https://cnfair.com/detail/PI24030075817
SS23 European and American street fashion brand men and women couple loose sweatshirt oversize hoodie No. 8 ball printed clothes,十杯橙汁,https://cnfair.com/detail/PI24030075831
correct version American McDonald's summer co-branded casual loose straight-leg jeans,广州欧潮服装贸易商行,https://cnfair.com/detail/PI24030075839
2023 new spring and autumn trendy brand printed hooded jacket men's sweatshirt loose women's oversize cardigan zipper hoodie,yyshop 高端定制潮牌,https://cnfair.com/detail/PI24030075866
Actual sales and instant delivery! Bird functional jacket Windproof and waterproof! Real photos and self-views!,老外档口直销 过年照常发货,https://cnfair.com/detail/PI24030075877
Correct version of PALM Palm Angel velvet rainbow pants trousers men's high street straight pants Angels velvet pants,直销潮牌店,https://cnfair.com/detail/PI24030075883
Trapstar red thread black tiger head towel embroidered velvet hooded sweatshirt zippered trousers casual suit,广州妙伶贸易商行,https://cnfair.com/detail/PI24030075885
European and American street fashion brand personalized letter printing elastic waist drawstring leg loose version casual work pants,欧美服饰印花店Shopping apparel T Shirt sweater,https://cnfair.com/detail/PI24030075886
MIlU//Week2 SS22 Inset Big logo Jean washed straight leg loose denim casual pants,Milu about Vintage,https://cnfair.com/detail/PI24030075896
DC embroidered hoodie,1to1,https://cnfair.com/detail/PI24030075897
M Mengjia simple men's casual down jacket couple style black down jacket surface,共青城市梦中迷服装厂,https://cnfair.com/detail/PI24030075899
Top version Chrome Hearts letter collar letter large long cross flower arm zipper sweatshirt for men and women,深圳市宝安区极潮服装厂,https://cnfair.com/detail/PI24030075902
Ice silk hood outdoor summer sun protection cycling scarf for men and women fishing mask covering face windproof camouflage hood,军酷旅户外,https://cnfair.com/detail/PI24030075905
DEPT light blue ripped jeans with white ink M G77#,tochik9的小葡萄干,https://cnfair.com/detail/PI24030075907
Trendy brand BAPE x KID CUDI Galaxy Odyssey embroidered hooded sweatshirt for men Camouflage velvet zipper jacket,潮牌鲨鱼精品,https://cnfair.com/detail/PI24030075908
TRAVIS SCOTT x KAWS lightning joint skull print cardigan sweatshirt for men and women loose hooded jacket,农村人卖潮牌,https://cnfair.com/detail/PI24030075913
Trendy brand shark camouflage zipper sweatshirt for young men and women trendy personality hoodie street hip-hop student clothes jacket,木子潮品168,https://cnfair.com/detail/PI24030075923
Gallery Dept hand-painted splash-ink graffiti men's sweatshirt hoodie couple plus velvet loose cotton hooded jacket,0潮牌搬运工0,https://cnfair.com/detail/PI24030075924
European and American trendy brand new boat-shaped print American high street hooded sweatshirt streetwear Harajuku sweatshirt couple jacket,防弹少年团TRAPSTAR外贸服装店,https://cnfair.com/detail/PI24030075934
Niketon hooded down jacket for men in winter cold-resistant and warm white duck down cotton jacket waterproof Korean style casual jacket for men,yilongmd兴隆店,https://cnfair.com/detail/PI24030075944
KKGY American hip hop twig camouflage overalls jeans men's street fashion brand loose straight wide leg trousers,KKGY线上商店,https://cnfair.com/detail/PI24030075952
Special price running quantity exported to American team basketball rugby ice hockey student fleece hooded pullover sweatshirt men's large size,波哥库存尾货男装工作室,https://cnfair.com/detail/PI24030075954
A warehouse cz199HD163UYT,repcourier,https://cnfair.com/detail/PI24030075955
Origi Japanese vintage distressed washed work shirt Cityboy loose silhouette large double pocket shirt 328,大东 复古男装店,https://cnfair.com/detail/PI24030075965
logo embroidery stock hoodie Classic chest cursive letter label embroidery embroidery logo terry hooded sweatshirt pullover hoodie jacket men and women tops ins Xiaohongshu popular basic versatile sports casual shirt,戴头盔的谢腾飞有货就发没货退款,https://cnfair.com/detail/PI24030075972
"Minustwo cargos Printed patchwork overalls, trendy casual high street trousers ins super popular and versatile af1",轩翔潮流,https://cnfair.com/detail/PI24030075977
West Coast niche fashion brand sports and leisure two-piece set new letter hoodie printed fleece sweatshirt set,欧美服饰印花店Shopping apparel T Shirt sweater,https://cnfair.com/detail/PI24030075978
"Full face zipper sweatshirt, one piece to make new cross-border sweatshirt",漫萌工坊,https://cnfair.com/detail/PI24030075982
2224#NK new embroidered velvet thickened round neck sweatshirt,长红贸易1.0,https://cnfair.com/detail/PI24030075987
cuwu Ami khaki portrait print hooded sweatshirt women's street hip-hop versatile loose couple wear autumn coat,cuwu旗舰店,https://cnfair.com/detail/PI24030075990
Nike Men's Pants 2019 Summer New Sports Pants Quick-Drying Straight Pants Nine-Point Pants 7518 S-3XL,小兔子外贸,https://cnfair.com/detail/PI24030075997
DENIM TEARS washed vintage denim trousers kanye West Kanye's same style high street couple,在頂端見tothetop,https://cnfair.com/detail/PI24030076002
2224#NK new embroidered velvet thickened round neck sweatshirt,长红贸易1.0,https://cnfair.com/detail/PI24030076003
European and American trendy brand letter printed casual loose sweatshirt Y2K hip hop street men and women pullover tops jacket trendy ins,防弹少年团TRAPSTAR外贸服装店,https://cnfair.com/detail/PI24030076005
European and American trendy brand letter printed casual loose sweatshirt Y2K hip hop street men and women pullover tops jacket trendy ins,防弹少年团TRAPSTAR外贸服装店,https://cnfair.com/detail/PI24030076006
Зиппер! пальт2022 European and American popular zipper sweatshirt retro hoodie jacket,欧美服饰印花店Shopping apparel T Shirt sweater,https://cnfair.com/detail/PI24030076009
AM European men's jeans with hole patch embroidered five-pointed star trendy elastic slim-fitting small-leg pants high-end men's pants,云韵天然风服饰,https://cnfair.com/detail/PI24030076011
Trendy brand shark camouflage zipper sweatshirt for young men and women trendy personality hoodie street hip-hop student clothes jacket,木子潮品168,https://cnfair.com/detail/PI24030076014
Retro overalls trendy brand minus two street multi-pocket high waist straight printed hip hop planet pants y2k pants,TrapstarLondon,https://cnfair.com/detail/PI24030076019
Watchdog Commencal Downhill Suit Competition Champion Edition Men's and Women's 2022 New Cross-Country Mountain Racing Cycling Suit,法拉利户外,https://cnfair.com/detail/PI24030076020
2023090215#乐,鸥媄镐接,https://cnfair.com/detail/PI24030076024
21SS European and American hip-hop singers have the same foam letter 555555 printed male and female couple sweatshirt hoodie trendy,深圳市鑫泰都国际贸易有限公司,https://cnfair.com/detail/PI24030076033
Trapstar rainbow gradient letter tiger head embroidery hooded sweatshirt + long pants sports sweatpants jogging suit,广州奕辰国际贸易商行,https://cnfair.com/detail/PI24030076034
Correct version of gallery dept hand-painted splashed ink stitching drawstring high street casual sweatpants slightly flared long pants for men and women,FFCP Studios,https://cnfair.com/detail/PI24030076038
Trendy brand shark camouflage zipper sweatshirt for young men and women trendy personality hoodie street hip-hop student clothes jacket,木子潮品168,https://cnfair.com/detail/PI24030076044
clothing,长红贸易1.0,https://cnfair.com/detail/PI24030076051
2022 New Fashion Brand American Hooded Jacket Women's Large Size Loose Men's Sweater Cardigan Zipper Hoodie Couple Wear,yyshop 高端定制潮牌,https://cnfair.com/detail/PI24030076052
t-shirt,义乌市雄韬服饰有限公司,https://cnfair.com/detail/PI24030076059
Correct version of gallery dept hand-painted splashed ink stitching drawstring high street casual sweatpants slightly flared long pants for men and women,FFCP Studios,https://cnfair.com/detail/PI24030076060
"New men's knitted half-chest zipper pullover sweatshirt, comfortable and versatile",云端shop,https://cnfair.com/detail/PI24030076061
Anti Social Social Club ASSC x UNDFTD PARANOID Cap,帽子很礼貌,https://cnfair.com/detail/PI24030076062
2224#NK new embroidered velvet thickened round neck sweatshirt,长红贸易1.0,https://cnfair.com/detail/PI24030076068
sweater,sawng 原名SAWNG SHOP,https://cnfair.com/detail/PI24030076071
Ice silk hood outdoor summer sun protection cycling scarf for men and women fishing mask covering face windproof camouflage hood,军酷旅户外,https://cnfair.com/detail/PI24030076074
Work wear trendy brand CARHARTT WIP casual pants multi-pocket loose RE long pants solid color leggings,十岁的猫,https://cnfair.com/detail/PI24030076075
"BP014-1 ""I am the only one"" sweatpants",GOAT-2,https://cnfair.com/detail/PI24030076077
AA6 vertical pattern black apricot sweater ST-2112 ZY,绝版芬达,https://cnfair.com/detail/PI24030076092
Men's new autumn and winter casual velvet thickened warm knitted classic straight sweatpants 6274,左岸男装,https://cnfair.com/detail/PI24030076103
"Jackets, outdoor thin jackets, trendy brand windproof and waterproof spring and autumn mountaineering jackets for men and women, hooded and removable",大运服饰,https://cnfair.com/detail/PI24030076105
Kenzo Sweater,3d9bed7ee4e80d606a61f788f5bb32f0,https://cnfair.com/detail/PI24030076107
Specially for foreign trade orders European and American style printed letter assembly men's overalls trendy casual high street planet trousers,夏洛特服饰,https://cnfair.com/detail/PI24030076108
revenge autumn and winter new embroidered logo zipper cardigan sweatshirt for men and women loose casual cotton hooded jacket,农村人卖潮牌,https://cnfair.com/detail/PI24030076111
Coconut tree trousers with small letter stripes on the front and side zipper trousers 4109 AB,点点小牙签,https://cnfair.com/detail/PI24030076114
Hooded loose street national trend ins autumn and winter off-shoulder coat solid color student couple hooded sweatshirt men spring and autumn,小尼力街头嘻哈潮流店,https://cnfair.com/detail/PI24030076116
Autumn and winter ins college style skull print light blue V-neck sweater sleeveless sweater vest vest women's top,星期衣 外贸女装 Sexy New life,https://cnfair.com/detail/PI24030076120
Breathable sleeveless fitness vest for muscular men European and American Fitness sports cotton vest,硬汉俱乐部,https://cnfair.com/detail/PI24030076125
American ins design niche basic versatile jeans for men high street retro slimming loose straight long pants,毒菌后街工作室,https://cnfair.com/detail/PI24030076126
Trendy brand shark camouflage zipper sweatshirt for young men and women trendy personality hoodie street hip-hop student clothes jacket,木子潮品168,https://cnfair.com/detail/PI24030076129
"Full face zipper sweatshirt, one piece to make new cross-border sweatshirt",漫萌工坊,https://cnfair.com/detail/PI24030076131
gajsgdja,六爷单位店,https://cnfair.com/detail/PI24030076134
GA jeans splash ink graffiti horns,tb6034025635的小店,https://cnfair.com/detail/PI24030076150
2224#NK new embroidered velvet thickened round neck sweatshirt,长红贸易1.0,https://cnfair.com/detail/PI24030076151
2022 autumn and winter new style lazy style loose black sweater for men Korean style outer wear sweater for men,北搭原创工作室,https://cnfair.com/detail/PI24030076152
Everything you want is available【Fourteen Colors】Classic hot style Cross patch leather washed distressed jeans trousers Couple model for men and women,草帽出品【今日店休】,https://cnfair.com/detail/PI24030076154
2224#NK new embroidered velvet thickened round neck sweatshirt,长红贸易1.0,https://cnfair.com/detail/PI24030076159
Left breast groove ↙ white stripe zipper pocket two-color sweatshirt 4110467,相逢一笑2002,https://cnfair.com/detail/PI24030076164
American trendy brand purple blue black yellow flame ins sweatshirt for women and men hip hop loose couple velvet hoodie pullover,欧美街头潮牌前线,https://cnfair.com/detail/PI24030076174
Autumn and winter new style European and American trendy embroidered printed sweatshirt cardigan high street casual hip-hop metal zipper jacket,中山市玛卡巴卡电子商务有限公司,https://cnfair.com/detail/PI24030076180
Correct version of gallery dept hand-painted splashed ink stitching drawstring high street casual sweatpants slightly flared long pants for men and women,FFCP Studios,https://cnfair.com/detail/PI24030076184
2023 European and American TRAPSTAR letter printed men's and women's Y2k gothic zipper zipper to top hoodie sweatshirt,防弹少年团TRAPSTAR外贸服装店,https://cnfair.com/detail/PI24030076192
Autumn and winter new style European and American trendy embroidered printed sweatshirt cardigan high street casual hip-hop metal zipper jacket,中山市玛卡巴卡电子商务有限公司,https://cnfair.com/detail/PI24030076193
ANGEL KING Small sailing suit hooded sweatshirt + sweatpants niche street versatile loose hoodie suit,ANGELKING47,https://cnfair.com/detail/PI24030076202
Special offer Welfare Aape Camouflage Ape Face Embroidered Logo Hooded Sweatshirt,23ba7b64c5a12eaa2384bc2cbc5477d8,https://cnfair.com/detail/PI24030076212
trutriu,晋州市无界针织品经营部,https://cnfair.com/detail/PI24030076226
2019 autumn and winter MAISON KITSUNE cool fox head series canvas shoulder bag,心水恋包,https://cnfair.com/detail/PI24030076230
trapstar sweatshirt fashionable European and American fashion brand autumn and winter loose hidden meat American high street style hooded suit for men and women,TrapstarLondon,https://cnfair.com/detail/PI24030076248
European and American high street niche rap fashion brand blue and red towel embroidered hoodie loose casual trousers,尖端潮流工作室,https://cnfair.com/detail/PI24030076262
K248#,PingAn,https://cnfair.com/detail/PI24030076270
ARCTERYX hooded casual assault jacket 197194,Big Dongle seller,https://cnfair.com/detail/PI24030076272
2022 World Cup Portugal Cristiano Ronaldo Felix pre-match warm-up suit competition training suit Cristiano Ronaldo,Pro:Direct Soccer,https://cnfair.com/detail/PI24030076277
Hoodie,50436AFCD7332F2671FEEE0117DC1F4E,https://cnfair.com/detail/PI24030076278
European and American trendy brand letter printed casual loose sweatshirt Y2K hip hop street men and women pullover tops jacket trendy ins,防弹少年团TRAPSTAR外贸服装店,https://cnfair.com/detail/PI24030076283
European and American high street niche rap brand Trapstar blue and red towel embroidered hoodie loose casual trousers,尖端潮流工作室,https://cnfair.com/detail/PI24030076299
TRAVIS SCOTT x KAWS lightning joint skull print cardigan sweatshirt for men and women loose hooded jacket,农村人卖潮牌,https://cnfair.com/detail/PI24030076303
A warehouse cz200HD4490IUQ,repcourier,https://cnfair.com/detail/PI24030076307
revenge embroidered logo straight jeans high street trendy trousers loose casual pants for men students teenagers,农村人卖潮牌,https://cnfair.com/detail/PI24030076311
revenge embroidered logo straight jeans high street trendy trousers loose casual pants for men students teenagers,农村人卖潮牌,https://cnfair.com/detail/PI24030076312
European and American trend Halloween series printed hot diamond hooded cardigan zipper loose men's and women's trendy brand sweatshirt jacket fn,欧美服饰印花店Shopping apparel T Shirt sweater,https://cnfair.com/detail/PI24030076315
White pocket sides ⑤ color velvet trousers 3101810,花生收割机,https://cnfair.com/detail/PI24030076316
GALLERY DEPT basic letter printed logo drawstring trousers pure cotton ankle casual pants men's and women's sweatpants,农村人卖潮牌,https://cnfair.com/detail/PI24030076318
zxbk9219,相逢一笑2002,https://cnfair.com/detail/PI24030076328
"Logan Trendy, fashionable and simple co-branded logo printed woven trousers",Logan 2025,https://cnfair.com/detail/PI24030076332
"Cross-border special supply of black painted holes, wild European and American version zipper decoration, personalized new jeans for men D2",广州蓝钻服装有限公司,https://cnfair.com/detail/PI24030076333
Correct version of PALM Palm Angel velvet rainbow pants trousers men's high street straight pants Angels velvet pants,直销潮牌店,https://cnfair.com/detail/PI24030076339
Trendy brand shark camouflage zipper sweatshirt for young men and women trendy personality hoodie street hip-hop student clothes jacket,木子潮品168,https://cnfair.com/detail/PI24030076340
545 Owen the same paragraph spring and autumn new men's jacket air layer cotton large size leisure sports hooded sweater 279,天天运动风行者,https://cnfair.com/detail/PI24030076345
European and American trends 2023 Y2K new NOFS hoodie Gothic punk rock hip-hop sweatshirt set two-piece set,欧美服饰印花店Shopping apparel T Shirt sweater,https://cnfair.com/detail/PI24030076349
2224#NK new embroidered velvet thickened round neck sweatshirt,长红贸易1.0,https://cnfair.com/detail/PI24030076360
Angel King TS detachable hooded cotton jacket,ANGELKING47,https://cnfair.com/detail/PI24030076362
Summer men's new sports running casual breathable sweat-wicking large LOGO slim fit woven nine-point pants 9991,右右外贸出品,https://cnfair.com/detail/PI24030076365
Embroidered double fish hook thin jacket off-white suit 3111920,日出20228602,https://cnfair.com/detail/PI24030076370
Special price running quantity exported to American team basketball rugby ice hockey student fleece hooded pullover sweatshirt men's large size,波哥库存尾货男装工作室,https://cnfair.com/detail/PI24030076371
Special price running quantity exported to American team basketball rugby ice hockey student fleece hooded pullover sweatshirt men's large size,波哥库存尾货男装工作室,https://cnfair.com/detail/PI24030076372
sweater,SNOOPY工作室,https://cnfair.com/detail/PI24030076374
Represent Owners' Club hoodie 450g heavyweight pure cotton loose terry hooded sweatshirt,UnionKingdom,https://cnfair.com/detail/PI24030076381
KID SEE GHOSTS Kids Meet Ghost Sweatshirt CPFM Kanye's same high street beauty trendy pullover KSG hoodie,NO PHONE,https://cnfair.com/detail/PI24030076388
2324 Miami home and away No. 10 Messi International Major League Soccer Suit Children's Adult Jersey,广州市堂庄号贸易有限责任公司,https://cnfair.com/detail/PI24030076390
Retro cargo pants minus twostreet multi-pocket printed hip hop y2k loose men's trendy pants,TrapstarLondon,https://cnfair.com/detail/PI24030076391
European and American punk hotties letter printed tube top dress street sexy slim backless red hip skirt,rockbaby奇异杂货铺,https://cnfair.com/detail/PI24030076393
"[No Returns, No Exchanges] Women's Nude Sports Tight 9-Point Yoga Pants Free shipping",肥猫外贸童装铺,https://cnfair.com/detail/PI24030076401
"Carhartt wip Kahart trousers, soft trousers, retro couple street trend, Japanese style for men and women",Carhartt卡哈特线上店,https://cnfair.com/detail/PI24030076402
apparel,a80ea41ae5f6b7b992ee2b016fac7c82,https://cnfair.com/detail/PI24030076403
Shark head camouflage hooded zipper cardigan sweatshirt early autumn loose casual student versatile couple coat ins trend,铅笔男服饰,https://cnfair.com/detail/PI24030076404
Correct version of gallery dept hand-painted splashed ink stitching drawstring high street casual sweatpants slightly flared long pants for men,FFCP Studios,https://cnfair.com/detail/PI24030076406
"Autumn and winter velvet men's work clothes, stain-resistant and wear-resistant hooded cardigan sweatshirt for construction workers at construction sites",新亨文艺男,https://cnfair.com/detail/PI24030076407
Trendy brand shark camouflage zipper sweatshirt for young men and women trendy personality hoodie street hip-hop student clothes jacket,木子潮品168,https://cnfair.com/detail/PI24030076410
Y2K Skull pattern retro street style hoodie Gothic punk Harajuku Japanese zipper sweatshirt couple style,防弹少年团TRAPSTAR外贸服装店,https://cnfair.com/detail/PI24030076415
DIME 2022ss three-dimensional embroidery LOGO jeans American high street style Same style for men and women tide,Ohhi SHOP,https://cnfair.com/detail/PI24030076416
stussy stussy Classic printed zipper sweatshirt,长红贸易1.0,https://cnfair.com/detail/PI24030076418
"Men's bread coat vest, autumn and winter sleeveless down jacket, lightweight and warm, men's cotton vest, thick vest jacket, trendy",洛蔓塔旗舰店,https://cnfair.com/detail/PI24030076429
5-color hoodie of the year under the red and white small mark in the letter string 771401,tb1005773817的小店,https://cnfair.com/detail/PI24030076445
European and American niche rap trendy blue and white towel embroidered velvet hooded sweatshirt casual sports trousers,尖端潮流工作室,https://cnfair.com/detail/PI24030076447
20FW patch embroidered LOGO hooded sweatshirt,PikaPikaGo,https://cnfair.com/detail/PI24030076462
Jacket,义乌市雄韬服饰有限公司,https://cnfair.com/detail/PI24030076468
Around the galaxy there are no brighter stars than you,把脉老中医,https://cnfair.com/detail/PI24030076469
Correct version of gallery dept hand-painted splashed ink stitching drawstring high street casual sweatpants slightly flared long pants for men,FFCP Studios,https://cnfair.com/detail/PI24030076470
2224#NK new embroidered velvet thickened round neck sweatshirt,长红贸易1.0,https://cnfair.com/detail/PI24030076472
"New men's knitted half-chest zipper pullover sweatshirt, comfortable and versatile",云端shop,https://cnfair.com/detail/PI24030076476
Does Renqi have a small chest? ⑤ Color hoodie 3121314,花生收割机,https://cnfair.com/detail/PI24030076486
European and American trendy brand letter printed casual loose sweatshirt Y2K hip hop street men and women pullover tops jacket trendy ins,防弹少年团TRAPSTAR外贸服装店,https://cnfair.com/detail/PI24030076491
European and American trendy brand letter printed casual loose sweatshirt Y2K hip hop street men and women pullover tops jacket trendy ins,防弹少年团TRAPSTAR外贸服装店,https://cnfair.com/detail/PI24030076504
12 colors European and American RL classic solid color basic double-sided cloth retro heavy industry simple pony embroidery round neck sweatshirt,云端shop,https://cnfair.com/detail/PI24030076517
S warehouse LD301JX28463QTY,repcourier,https://cnfair.com/detail/PI24030076519
"Full face zipper sweatshirt, one piece to make new cross-border sweatshirt",漫萌工坊,https://cnfair.com/detail/PI24030076534
Details new link to order! ! ! 【Fourteen Colors】Classic Hot Style Cross patch leather washed distressed jeans trousers Couple model for men and women,草帽出品【八点开拍】,https://cnfair.com/detail/PI24030076538
CARHARTT WIP Kahart special attire casual trousers trendy brand washed multi-pockets retro straight drawstring feet,十岁的猫,https://cnfair.com/detail/PI24030076555
BF Internet celebrity style new solid color sweatshirt for men and women spring and autumn student casual Korean style fried street hooded plus velvet hoodie,奢耐文艺男 SHERNA,https://cnfair.com/detail/PI24030076560
European and American niche rap trendy blue and white towel embroidered velvet hooded sweatshirt casual sports trousers,尖端潮流工作室,https://cnfair.com/detail/PI24030076566
"Full face zipper sweatshirt, one piece to make new cross-border sweatshirt",漫萌工坊,https://cnfair.com/detail/PI24030076575
European and American trendy brand new boat-shaped print American high street hooded sweatshirt streetwear Harajuku sweatshirt couple jacket,防弹少年团TRAPSTAR外贸服装店,https://cnfair.com/detail/PI24030076578
Chest embroidery ⑧ color POLO shirt 721115,花生收割机,https://cnfair.com/detail/PI24030076598
2023112512#好,鸥媄镐接,https://cnfair.com/detail/PI24030076600
805 Spot Spring and Autumn Men's New Wear-Resistant Laminated Zipper Air Layer Cotton Sports Pants Leg-Resizing Casual Pants 163,祥子外贸66666,https://cnfair.com/detail/PI24030076611
GALLERY DEPT splash-ink graffiti micro-horn structure splicing casual loose jeans long pants men and women trendy,FFCP Studios,https://cnfair.com/detail/PI24030076618
KE long tube three pairs--Lsize,VSocks,https://cnfair.com/detail/PI24030076619
KE long tube three pairs--Lsize,VSocks,https://cnfair.com/detail/PI24030076620
KE long tube three pairs--Lsize,VSocks,https://cnfair.com/detail/PI24030076621
revenge embroidered logo straight jeans high street trendy trousers loose casual pants for men students teenagers,农村人卖潮牌,https://cnfair.com/detail/PI24030076637
revenge embroidered logo straight jeans high street trendy trousers loose casual pants for men students teenagers,农村人卖潮牌,https://cnfair.com/detail/PI24030076638
Ice silk hood outdoor summer sun protection cycling scarf for men and women fishing mask covering face windproof camouflage hood,军酷旅户外,https://cnfair.com/detail/PI24030076653
ANGEL KING Small sailing suit hooded sweatshirt + sweatpants niche street versatile loose hoodie suit,ANGELKING47,https://cnfair.com/detail/PI24030076681
[Loss money to win] Jerry's same style CPFM reborn foam letter print autumn and winter velvet hooded sweatshirt trendy,农村人卖潮牌,https://cnfair.com/detail/PI24030076685
Corteiz American multi-pocket cruise ship printed overalls men's trendy street loose straight casual long pants,MR潮牌小店,https://cnfair.com/detail/PI24030076693
forward terminal brown bear Small leather skewers Eight-color belly hoodie 5102805,霁月当空,https://cnfair.com/detail/PI24030076717
[INSKR] Cross suede sweatshirt homemade national trend couple American embroidered LOGO hoodie for men and women,INSKR,https://cnfair.com/detail/PI24030076740
polar big boy pants skateboard baggy jeans,Dargon,https://cnfair.com/detail/PI24030076753
[Original factory copy] Arthur 3M reflective logo woven jacket breathable mesh hooded jacket Men's and women's models Jacket,草帽出品【八点开拍】,https://cnfair.com/detail/PI24030076755
wave 1-more than 20,SScap,https://cnfair.com/detail/PI24030076756
Corteizbalaclava Mask face mask hip hop headgear,DragonRep123Corteiz,https://cnfair.com/detail/PI24030076772
2224#NK new embroidered velvet thickened round neck sweatshirt,长红贸易1.0,https://cnfair.com/detail/PI24030076783
2224#NK new embroidered velvet thickened round neck sweatshirt,长红贸易1.0,https://cnfair.com/detail/PI24030076784
apparel,潮鸡酷服装工作室,https://cnfair.com/detail/PI24030076790
2023 European hot-selling DRILL style 3M reflective hooded windbreaker men's trendy autumn light jacket jacket,0668原创设计师品牌,https://cnfair.com/detail/PI24030076798
Cardigan hooded sweatshirt men's spring and autumn American high street fashion brand towel embroidered sports coat oversize couple tops,咔哝服饰,https://cnfair.com/detail/PI24030076799
Season 23 Nets black Size 7 Durant,体育世界,https://cnfair.com/detail/PI24030076816
2023101431#Lulu,位莱福士,https://cnfair.com/detail/PI24030076819
European and American trendy brand letter printed casual loose sweatshirt Y2K hip hop street men and women pullover tops jacket trendy ins,防弹少年团TRAPSTAR外贸服装店,https://cnfair.com/detail/PI24030076828
European and American trendy brand letter printed casual loose sweatshirt Y2K hip hop street men and women pullover tops jacket trendy ins,防弹少年团TRAPSTAR外贸服装店,https://cnfair.com/detail/PI24030076842
Chasing Lucky God Jeans Men's Trendy Brand Big M Printed Straight Leg Loose Trendy Personalized Jacquard Embroidered Pure Pants,迪尔森品质男装,https://cnfair.com/detail/PI24030076845
Beautiful tide Margiela style flip embroidered small logo hooded sweatshirt for men and women MM6 Margiela hoodie minimalist,Amai 阿麦,https://cnfair.com/detail/PI24030076860
revenge embroidered logo straight jeans high street trendy trousers loose casual pants for men students teenagers,农村人卖潮牌,https://cnfair.com/detail/PI24030076861
Correct version of gallery dept hand-painted splashed ink stitching drawstring high street casual sweatpants slightly flared long pants for men and women,FFCP Studios,https://cnfair.com/detail/PI24030076867
CRTZ STAR Alcatraz tracksuit Alcatraz pure cotton fleece suit trendy sweatshirt,Dragonbacktothetop1,https://cnfair.com/detail/PI24030076869
European and American trendy brand letter printed casual loose sweatshirt Y2K hip hop street men and women pullover tops jacket trendy ins,防弹少年团TRAPSTAR外贸服装店,https://cnfair.com/detail/PI24030076889
Hot sale men's winter down vest,深圳市欧之洲实业有限公司,https://cnfair.com/detail/PI24030076908
Correct version of gallery dept hand-painted splashed ink stitching drawstring high street casual sweatpants slightly flared long pants for men,FFCP Studios,https://cnfair.com/detail/PI24030076911
European and American trendy brand letter printed casual loose sweatshirt Y2K hip hop street men and women pullover tops jacket trendy ins,防弹少年团TRAPSTAR外贸服装店,https://cnfair.com/detail/PI24030076913
"New men's knitted half-chest zipper pullover sweatshirt, comfortable and versatile",云端shop,https://cnfair.com/detail/PI24030076916
[Same style at the counter] NIKE Nike Men's and Women's Couple's Large Hook Lamb Velvet Reversible Jacket Thickened Warm Stand Collar Jacket 6546 Polar fleece fleece jacket,NLKE雅雅,https://cnfair.com/detail/PI24030076919
N1ke2021 Overseas purchasing high-density cotton laminated sweatshirt,Big Dongle seller,https://cnfair.com/detail/PI24030076930
carhartt Carhartt jeans casual pants overalls straight pants loose trend retro couple men and women,Carhartt卡哈特线上店,https://cnfair.com/detail/PI24030076937
Trendy brand shark camouflage zipper sweatshirt for young men and women trendy personality hoodie street hip-hop student clothes jacket,木子潮品168,https://cnfair.com/detail/PI24030076940
"Dog clothes, autumn and winter cotton coats, two-legged coats, medium and large dogs Labrador Golden Retriever Corgi winter down cotton coats",脆调旗舰店,https://cnfair.com/detail/PI24030076944
Trendy brand shark camouflage zipper sweatshirt for young men and women trendy personality hoodie street hip-hop student clothes jacket,木子潮品168,https://cnfair.com/detail/PI24030076947
Trendy brand shark camouflage zipper sweatshirt for young men and women trendy personality hoodie street hip-hop student clothes jacket,木子潮品168,https://cnfair.com/detail/PI24030076948
Lacoste,杏帘在望,https://cnfair.com/detail/PI24030076950
European and American trendy brand new boat-shaped print American high street hooded sweatshirt streetwear Harajuku sweatshirt couple jacket,防弹少年团TRAPSTAR外贸服装店,https://cnfair.com/detail/PI24030076951
Shura's Wings of Salvation Black and Gray Sketch Oil Painting Series Down Jackets,巷子里的猫,https://cnfair.com/detail/PI24030076956
Retro overalls trendy brand minus two street multi-pocket high waist straight printed hip hop planet pants y2k pants,TrapstarLondon,https://cnfair.com/detail/PI24030076959
"European and American street fashion brands for men and women, couples loose sweatshirts, oversize hoodies, velvet jackets, world tour",十杯橙汁,https://cnfair.com/detail/PI24030076961
"European and American street fashion brands for men and women, couples loose sweatshirts, oversize hoodies, velvet jackets, world tour",十杯橙汁,https://cnfair.com/detail/PI24030076978
European and American trendy brand new boat-shaped print American high street hooded sweatshirt streetwear Harajuku sweatshirt couple jacket,防弹少年团TRAPSTAR外贸服装店,https://cnfair.com/detail/PI24030076981
JD0003,Western boys,https://cnfair.com/detail/PI24030076983
JD0003,Western boys,https://cnfair.com/detail/PI24030076984
Trendy hip-hop skateboard jeans Wang Yibo's same style loose dad pants wide-leg jeans straight mid-waist street,柒哥自制,https://cnfair.com/detail/PI24030076986
European and American high street niche rap fashion brand blue and red towel embroidered hoodie loose casual trousers,尖端潮流工作室,https://cnfair.com/detail/PI24030076993
FLA Number Nine 04SS skull embroidered zipper jacket sweatshirt hoodie Miyashita Takahiro destroyed and distressed,FLANEUR ATELIER,https://cnfair.com/detail/PI24030076994
"Factory spot TNF1996 down cotton coat for men and women, winter bread coat, cold and warm loose coat",抚州市东乡区颜叶服装店,https://cnfair.com/detail/PI24030076995
2022 new national fashion men’s clothing Multi-pocket side button trousers men's loose streamer casual pants foreign trade,广州旭彤潮服饰商行,https://cnfair.com/detail/PI24030076999
Middle light panel side zipper back label ④ color sherpa 780131,花生收割机,https://cnfair.com/detail/PI24030077007
2224#NK new embroidered velvet thickened round neck sweatshirt,长红贸易1.0,https://cnfair.com/detail/PI24030077028
High quality fashion brand Autumn and winter clothing European station Love Series Couple Model Men's and women's cotton jackets and sweatshirts,d[s128634185],https://cnfair.com/detail/PI24030077030
Palm Moose 06 Men Silver Logo Fox Fur Hooded 3Q Down Jacket,深圳市欧之洲实业有限公司,https://cnfair.com/detail/PI24030077034
Зиппер! пальт2022 European and American popular zipper sweatshirt retro hoodie jacket,欧美服饰印花店Shopping apparel T Shirt sweater,https://cnfair.com/detail/PI24030077035
2023 new winter casual pants plus velvet men's high-quality small-foot harem pants trendy versatile multi-pocket overalls,男装韩哥哥,https://cnfair.com/detail/PI24030077036
21SS European and American hip-hop singers have the same foam letter 555555 printed male and female couple sweatshirt hoodie trendy,深圳市鑫泰都国际贸易有限公司,https://cnfair.com/detail/PI24030077045
Button on left small size collar nine colors Long sleeve shirt 662770,相逢一笑2002,https://cnfair.com/detail/PI24030077053
BOYUE silk diamond half turtleneck sweater casual design niche warm autumn and winter Hong Kong style knitted sweater top,BOYUE原创工作室,https://cnfair.com/detail/PI24030077066
18 new angel blue three-bar trousers student school pants zipper ankle pants sports drawstring trousers,深圳市福田区巴坦木服装厂,https://cnfair.com/detail/PI24030077069
2324AC Two Away Players Edition (one copy),体育世界,https://cnfair.com/detail/PI24030077077
RRR123 joint creative and interesting abstract letter printing men's and women's loose round neck hip-hop autumn and winter velvet sweatshirt trend,33 TRENTE,https://cnfair.com/detail/PI24030077079
dnm2002,糖不甜加盐,https://cnfair.com/detail/PI24030077095
Striped shirt jacket men's Hong Kong style Japanese casual loose trendy set with men's long-sleeved shirt suit summer,潮流馆男女服饰,https://cnfair.com/detail/PI24030077100
18 new angel blue three-bar trousers student school pants zipper ankle pants sports drawstring trousers,深圳市福田区巴坦木服装厂,https://cnfair.com/detail/PI24030077165
European and American trendy brand letter printed casual loose sweatshirt Y2K hip hop street men and women pullover tops jacket trendy ins,防弹少年团TRAPSTAR外贸服装店,https://cnfair.com/detail/PI24030077180
Red thread black tiger head towel embroidery plus velvet hooded sweatshirt with zippered trousers casual suit,广州妙伶贸易商行,https://cnfair.com/detail/PI24030077191
Trendy brand shark camouflage zipper sweatshirt for young men and women trendy personality hoodie street hip-hop student clothes jacket,木子潮品168,https://cnfair.com/detail/PI24030077193
Basic black straight trousers,hotdog-official,https://cnfair.com/detail/PI24030077195
Special price running quantity exported to American team basketball rugby ice hockey student fleece hooded pullover sweatshirt men's large size,波哥库存尾货男装工作室,https://cnfair.com/detail/PI24030077205
Зиппер! пальт2022 European and American popular zipper sweatshirt retro hoodie jacket,欧美服饰印花店Shopping apparel T Shirt sweater,https://cnfair.com/detail/PI24030077206
trapstar sweatshirt fashionable European and American fashion brand autumn and winter loose hidden meat American high street style hooded suit for men and women,TrapstarLondon,https://cnfair.com/detail/PI24030077209
[High weight plus velvet optional] B*alen*cia*ga letter logo printed hooded sweatshirt from B*Rich*,大咖 （正常发货）,https://cnfair.com/detail/PI24030077213
New product recommendation #Stussy Stussy 420g pure cotton and fleece hooded sweatshirt,壹号铺,https://cnfair.com/detail/PI24030077214
21SS European and American hip-hop singers have the same foam letter 555555 printed male and female couple sweatshirt hoodie trendy,深圳市鑫泰都国际贸易有限公司,https://cnfair.com/detail/PI24030077226
Angel trousers rainbow striped webbing jacket letter suit school uniform jacket webbing casual pants foreign trade,广州奕程贸易有限公司,https://cnfair.com/detail/PI24030077234
European and American high street vibe style pants black and white cross destroyed raw edge hiphop bombed street micro-flared jeans for men,揭阳市揭东区锡场镇尚蔓电子商务经营部,https://cnfair.com/detail/PI24030077236
"Autumn and winter polar fleece fleece gloves to keep warm and cold-proof, outdoor windproof and waterproof skiing, riding and driving touch screen gloves",Timor提莫手套,https://cnfair.com/detail/PI24030077238
corteiz American multi-pocket printed black overalls men's trendy street loose straight drawstring long pants,MR潮牌小店,https://cnfair.com/detail/PI24030077241
North Face Outdoor Men's GTX Waterproof Jacket Windbreaker 1898 color black Size M-4xl,小兔子外贸,https://cnfair.com/detail/PI24030077258
2023 cross-border fashion brand new product chest cuff LOGO hot stamping couple hoodie fashionable sweatshirt for men and women,上饶市禾航服饰有限公司,https://cnfair.com/detail/PI24030077259
AM European men's jeans with hole patch embroidered five-pointed star trendy elastic slim-fitting small-leg pants high-end men's pants,云韵天然风服饰,https://cnfair.com/detail/PI24030077267
Carhartt corduroy autumn and winter overalls casual pants straight pants couple trend loose men and women,Carhartt卡哈特实体潮流店,https://cnfair.com/detail/PI24030077275
Trendy brand shark camouflage zipper sweatshirt for young men and women trendy personality hoodie street hip-hop student clothes jacket,木子潮品168,https://cnfair.com/detail/PI24030077283
Suit cross-border sports men's spring and autumn air layer cotton knitted hooded zipper shirt sports casual jacket sweatpants,队长这里供销社 性比价神店,https://cnfair.com/detail/PI24030077287
Badge left arm square sight three-color sweatshirt trendy,鸥媄镐接,https://cnfair.com/detail/PI24030077307
Carhartt replacement B136 Moss green color canvas overalls Lumberjack knee patch casual pants for men and women B01 logging pants yol,赵哥外贸工作室,https://cnfair.com/detail/PI24030077311
clothing,8f68f8da15b555ce0c5baa6c0d6b6a28,https://cnfair.com/detail/PI24030077319
1,C1CDA5A182FAACD3D707BD4A4571DF25,https://cnfair.com/detail/PI24030077320
Spring and autumn new style casual sports air layer diagonal zipper multi-stitching 13-color leg 163 sweatpants,常熟市莫城街道衣点衣滴服饰商行,https://cnfair.com/detail/PI24030077333
[Loss money to win] Jerry's same style CPFM reborn foam letter print autumn and winter velvet hooded sweatshirt trendy,农村人卖潮牌,https://cnfair.com/detail/PI24030077335
NOCTA GOLF co-branded drake autumn and winter new loose casual jacket hooded pullover sweatshirt and sweatpants suit,73 Studio,https://cnfair.com/detail/PI24030077340
Classic Ape Man Harajuku Shark Head Camouflage Zipper Sweater Loose Cotton Hooded Cardigan Jacket for Men and Women Couples,猿人壹號店,https://cnfair.com/detail/PI24030077344
European and American trendy brand letter printed casual loose sweatshirt Y2K hip hop street men and women pullover tops jacket trendy ins,防弹少年团TRAPSTAR外贸服装店,https://cnfair.com/detail/PI24030077346
CARHARTT WIP workwear trendy brand Detroit denim jacket canvas washed distressed retro retro for men and women,十岁的猫,https://cnfair.com/detail/PI24030077351
European and American street fashion new shark tiger color matching double hooded jacket young men and women personalized cardigan hooded sweatshirt,木子潮品168,https://cnfair.com/detail/PI24030077366
"Minustwo cargos Printed patchwork overalls, trendy casual high street trousers ins super popular and versatile af1",轩翔潮流,https://cnfair.com/detail/PI24030077385
1,A5146A214D83688811A8253DD064BEA0,https://cnfair.com/detail/PI24030077389
"Customized, customized spraying, customized sto jacket",sir,https://cnfair.com/detail/PI24030077390
21SS European and American hip-hop singers have the same foam letter 555555 printed male and female couple sweatshirt hoodie trendy,深圳市鑫泰都国际贸易有限公司,https://cnfair.com/detail/PI24030077403
HUMAN Lil Uzi WAG Autumn and Winter Bat Gem Sweatshirt Couple Style Hooded Sweatshirt Couple Style,王爱国的店,https://cnfair.com/detail/PI24030077414
Trendy brand jeans men's spring and autumn loose thin straight trousers ins trend high street fashion casual pants for boys,裤潮衣点,https://cnfair.com/detail/PI24030077415
Men's Soft wash Natural cotton men's spring new oxford shirt solid color slim shirt,云端shop,https://cnfair.com/detail/PI24030077425
Revenge sweatshirt keel embroidered palm oil painting XXX high street American niche skull thin jacket hoodie,vfor潮牌工作室,https://cnfair.com/detail/PI24030077438
xm U.K. Men's cardigan zip hooded sweatshirt pure cotton exit Two colors,bysh2017,https://cnfair.com/detail/PI24030077439
ts broken lens t,GOAT-0,https://cnfair.com/detail/PI24030077455
Black trousers with yellow pockets 790237,花生收割机,https://cnfair.com/detail/PI24030077458
purple-brand summer jeans men's 23 new elastic slim straight summer trendy casual trousers,潮品国际馆,https://cnfair.com/detail/PI24030077477
Angel King Niche sailing hooded sweatshirt for men and women European and American loose and versatile sky blue hoodie,ANGELKING47,https://cnfair.com/detail/PI24030077482
Correct version of gallery dept hand-painted splashed ink stitching drawstring high street casual sweatpants slightly flared long pants for men and women,FFCP Studios,https://cnfair.com/detail/PI24030077492
Correct version of gallery dept hand-painted splashed ink stitching drawstring high street casual sweatpants slightly flared long pants for men and women,FFCP Studios,https://cnfair.com/detail/PI24030077494
Angel King RTWSp5der Hoodie555 sweatshirt Spider HoodieYoung Same style as Thug,ANGELKING47,https://cnfair.com/detail/PI24030077507
Men's sweatshirt CZ7858DC4199DJ6915CZ0440DA0111DJ0349DD4667DO1740CD6393,d[s113914131],https://cnfair.com/detail/PI24030077509
European and American trendy brand Carhartt classic letter embroidered men's and women's loose hooded fleece hoodie sweatshirt,铅山县舒克特贸易有限公司,https://cnfair.com/detail/PI24030077526
Randi vibe pants B01 double knee canvas logging pants overalls men's American denim trousers cleanfit,大光头燃弟,https://cnfair.com/detail/PI24030077531
"Full face zipper sweatshirt, one piece to make new cross-border sweatshirt",漫萌工坊,https://cnfair.com/detail/PI24030077535
European and American trendy brand letter printed casual loose sweatshirt Y2K hip hop street men and women pullover tops jacket trendy ins,防弹少年团TRAPSTAR外贸服装店,https://cnfair.com/detail/PI24030077543
Work wear trendy brand Carhartt Carhartt main line RE military style casual long pants multi-pocket loose men and women,十岁的猫,https://cnfair.com/detail/PI24030077544
Ice silk hood outdoor summer sun protection cycling scarf for men and women fishing mask covering face windproof camouflage hood,军酷旅户外,https://cnfair.com/detail/PI24030077547
American jeans men's spring washed distressed niche yellow mud-dyed trousers trendy high street loose straight pants,vesibo旗舰店,https://cnfair.com/detail/PI24030077549
Chest green Yuyu 22 color polo shirt 370517,tb1005773817的小店,https://cnfair.com/detail/PI24030077552
1996 cotton winter top thickened pink and orange brain-dead joint warm couple down jacket high-end jacket,田小妞的店铺,https://cnfair.com/detail/PI24030077558
European and American trendy brand new boat-shaped print American high street hooded sweatshirt streetwear Harajuku sweatshirt couple jacket,防弹少年团TRAPSTAR外贸服装店,https://cnfair.com/detail/PI24030077572
"TNF North Face North Face 1996 spliced pure down jacket (default Asian code,If you need US size, please buy one size up.,or remarks)",Big Dongle seller,https://cnfair.com/detail/PI24030077575
Hoodie,第九大街—-幕后造物主,https://cnfair.com/detail/PI24030077578
"TNF North Face North Face 1996 spliced pure down jacket (default Asian code,If you need US size, please buy one size up.,or remarks)",Big Dongle seller,https://cnfair.com/detail/PI24030077587
GYM Shark Cross Beauty Back Camouflage Bra High Waist Pants Yoga Wear Quick Drying Sports Fitness Suit Women's Belt Label,功夫萝莉,https://cnfair.com/detail/PI24030077597
Round neck with chest and back label ② color collar face wear 3101211,花生收割机,https://cnfair.com/detail/PI24030077600
[Heavy Industrial Washed and Distressed] Original Factory Quality Car Caha T B01 B136 washed distressed overalls Knee canvas logger pants Heavyweight fabric feels thick,草帽出品【八点开拍】,https://cnfair.com/detail/PI24030077609
Angel King TS detachable hooded cotton jacket,ANGELKING47,https://cnfair.com/detail/PI24030077613
23SS 21SS 63051 CREWNECK SWEATSHIRT TOPSTONEY terry crew neck sweatshirt,TOPSTONEY,https://cnfair.com/detail/PI24030077618
"Arctic Face's co-branded goose down jacket is warm, thin, fashionable and cold-resistant, versatile and versatile for men and women, couple's bread jacket",石狮市嘉玲梦航服装厂,https://cnfair.com/detail/PI24030077624
2022 Beach Vacation Seaside Surfing Hot Spring Tour Classic foreign trade European and American casual breathable quick-drying beach pants,d[s309033680],https://cnfair.com/detail/PI24030077650
CulturE niche structure design zipper slit slightly flared trousers vertical straight casual pants trousers for men and women,ArguE CulturE,https://cnfair.com/detail/PI24030077655
"Extremely thin and light! ikB ESSENTIAL ultra-thin woven running pants ! This summer’s hottest item! Direct supply to Xcat Mall orders Style number AA1998,The original price is 499 and there is no discount!",衣缘出品,https://cnfair.com/detail/PI24030077657
Canadian style big goose down jacket new version 29 styles for men and women couples top version white duck down 3808,石狮市桥波方体网络服装商行,https://cnfair.com/detail/PI24030077667
Back basic white letters 11 color vest rabbit,点点小牙签,https://cnfair.com/detail/PI24030077676
Left pocket Little Red Horse three-color cuffed trousers 492239,2022不期而遇,https://cnfair.com/detail/PI24030077679
Pocket green jade ⑤ color trousers 3102410,花生收割机,https://cnfair.com/detail/PI24030077694
clothing,This Is Sad Too,https://cnfair.com/detail/PI24030077702
"Item No. 101824 Nine colors North Face patchwork embroidered down jacket Multiple embroideries on front and back cuffs,Handsome and handsome The preferred model for outdoor sports and trendy street brands Artificial hand stuffed high weight down cotton Warm, stylish and not bulky Soft and delicate No deformation opaque Same style for men and women",BAT SHOP 蝙蝠商社,https://cnfair.com/detail/PI24030077710
Independent and original trendy brands nksup 22ss week14 arc corduroy hooded jacket Letter embroidered co-branded corduroy zipper hooded jacket gx,戴头盔的谢腾飞有货就发没货退款,https://cnfair.com/detail/PI24030077713
Hot Selling Men Canada Coyote Down Parka large fur collar hooded men's down jacket,泉州市宝丝林服饰有限公司,https://cnfair.com/detail/PI24030077758
ZWZA NASA lamb plush cotton coat men's autumn and winter grain velvet cotton coat NK large hook polar fleece sweatshirt jacket,ZWZA旗舰店,https://cnfair.com/detail/PI24030077765
Canadian style big goose down jacket new version 29 styles for men and women couples top version white duck down 3808,石狮市桥波方体网络服装商行,https://cnfair.com/detail/PI24030077793
North Face TNF cotton coats for men and women 2023 autumn and winter new couple coats casual stand-up collar jackets cotton coats W-1996 cotton M-2XL,小兔子外贸,https://cnfair.com/detail/PI24030077827
Shura's Wings of Salvation Black and Gray Sketch Oil Painting Series Down Jackets,巷子里的猫,https://cnfair.com/detail/PI24030077830
Welfare special offer 🉐the North Face1996 Plaid North Face Down Jacket,DEMO（正常上班,https://cnfair.com/detail/PI24030077847
"TNF North Face North Face 1996 spliced pure down jacket (default Asian code,If you need US size, please buy one size up.,or remarks)",Big Dongle seller,https://cnfair.com/detail/PI24030077848
Sports pants spring and autumn thin student casual loose trousers trendy leggings drawstring sweatpants men's running pants,CGL 男装工厂,https://cnfair.com/detail/PI24030077862
BOYUE silk jump lamb velvet thickened cotton coat winter men's trendy retro solid color cityboy high-end fleece jacket,BOYUE原创工作室,https://cnfair.com/detail/PI24030077864
N1ke2021 Overseas purchasing high-density cotton laminated sweatshirt,Big Dongle seller,https://cnfair.com/detail/PI24030078897
"Niketon spring and autumn jackets for men and women, outdoor mountaineering clothing, windproof and waterproof couple sports jackets",yilongmd兴隆店,https://cnfair.com/detail/PI24030078911
CARHARTT WIP Kahart special attire casual trousers trendy brand washed multi-pockets retro straight drawstring feet,十岁的猫,https://cnfair.com/detail/PI24030078923
Carhartt Carhart spring and autumn coats for men and women couples Detroit heavy lapel interstellar work jacket,长红贸易1.0,https://cnfair.com/detail/PI24030078941
North Face Outdoor Men's GTX Waterproof Jacket Windbreaker 1898 color black Size M-4xl,小兔子外贸,https://cnfair.com/detail/PI24030078959
Workwear trendy brand Carhartt WIP hooded windproof and waterproof jacket jacket tops for men and women,十岁的猫,https://cnfair.com/detail/PI24030078963
14GSL niche Korean retro washed black high-end jeans men's loose straight design wide-leg trousers,14GSL,https://cnfair.com/detail/PI24030078995
2224#NK new embroidered velvet thickened round neck sweatshirt,长红贸易1.0,https://cnfair.com/detail/PI24030079000
"Full face zipper sweatshirt, one piece to make new cross-border sweatshirt",漫萌工坊,https://cnfair.com/detail/PI24030079004
Correct version of gallery dept hand-painted splashed ink stitching drawstring high street casual sweatpants slightly flared long pants for men,FFCP Studios,https://cnfair.com/detail/PI24030079019
[INSKR] Cross suede sweatshirt homemade national trend couple American embroidered LOGO hoodie for men and women,INSKR,https://cnfair.com/detail/PI24030079024
Needles track velvet butterfly embroidery Japanese retro webbing trendy casual loose sports trousers for men and women,LET GO,https://cnfair.com/detail/PI24030079031
LD6005 Autumn and winter new trendy couple models OFF WHITE XX Pure cotton paint print fleece hooded sweatshirt Trendy men's and women's jackets black White M-XXL,偌潮馆,https://cnfair.com/detail/PI24030079034
"Full face zipper sweatshirt, one piece to make new cross-border sweatshirt",漫萌工坊,https://cnfair.com/detail/PI24030079036
American retro high street fashion brand multi-pocket overalls trousers for men and women straight loose casual jeans ins,MEBXX,https://cnfair.com/detail/PI24030079062
American hiphop heavy industry functional style multi-pocket overalls for men in autumn design niche trendy brand wide-leg trousers,毒菌后街工作室,https://cnfair.com/detail/PI24030079071
Specially for foreign trade orders European and American style printed letter assembly men's overalls trendy casual high street planet trousers,夏洛特服饰,https://cnfair.com/detail/PI24030079083
House Of Errors 3rd Eye Embroidered Wash Vintage Hoodie,UnionKingdom,https://cnfair.com/detail/PI24030079086
Almo1994 Japanese retro solid color simple plus velvet loose hooded sweatshirt for men and women oversize pullover hoodie,Almo1994,https://cnfair.com/detail/PI24030079101
21SS European and American hip-hop singers have the same foam letter 555555 printed male and female couple sweatshirt hoodie trendy,深圳市鑫泰都国际贸易有限公司,https://cnfair.com/detail/PI24030079132
2224# Nike new embroidered velvet thickened round neck sweatshirt,长红贸易1.0,https://cnfair.com/detail/PI24030079136
20FW 107WN OVERSHIRT OLD GARMENT DYE TOPSTONEY Garment dyed shirts,TOPSTONEY,https://cnfair.com/detail/PI24030079147
European and American high street washed and old dark gray hooded sweater men's autumn and winter jacket loose pullover hoodie top ins,SAWNG SHOP,https://cnfair.com/detail/PI24030079151
"Autumn and winter polar fleece fleece gloves to keep warm and cold-proof, outdoor windproof and waterproof skiing, riding and driving touch screen gloves",Timor提莫手套,https://cnfair.com/detail/PI24030079174
Novo harajuku gótico y2k hiphop hoodie homem oversize mole,2PCS,https://cnfair.com/detail/PI24030079175
"Jackets, outdoor thin jackets, trendy brand windproof and waterproof spring and autumn mountaineering jackets for men and women, hooded and removable",大运服饰,https://cnfair.com/detail/PI24030079180
corteiz American multi-pocket printed black overalls men's trendy street loose straight drawstring long pants,MR潮牌小店,https://cnfair.com/detail/PI24030079196
"Foreign trade spring, autumn and winter models Men's single-face velvet casual plaid large size trousers home pants soft warm pajamas",【佐依莉】,https://cnfair.com/detail/PI24030079200
2224#NK new embroidered velvet thickened round neck sweatshirt,长红贸易1.0,https://cnfair.com/detail/PI24030079204
REP sweatshirt hoodie minimalist brown gray LOGO slogan 78,chaos new,https://cnfair.com/detail/PI24030079210
55 trendy three-color hoodie with a small hook on the chest,鸥媄镐接,https://cnfair.com/detail/PI24030079212
Men's size NIKE pants for men and women couples spring and autumn new classic small hook embroidered logo retro sports pants loose casual pants knitted thin terry breathable basketball training running trend men's pants zipper pocket cuffs leggings foot pants sweatpants men's Nike trousers CK6366 010 063,ADIDAS x NIKE,https://cnfair.com/detail/PI24030079218
2022 Winter Thickened Jeans Men's Trendy Loose Straight Pants Hong Kong Style Teenagers Handsome Floor-Mopping Pants,揭阳市榕城区禾禾服装厂,https://cnfair.com/detail/PI24030079222
Trendy hip-hop skateboard jeans Wang Yibo's same style loose dad pants wide-leg jeans straight mid-waist street,柒哥自制,https://cnfair.com/detail/PI24030079235
"Old School puree Japanese Ukiyoe embroidered vintage original color jeans Thick, loose-fitting straight-leg trousers",大东 复古男装店,https://cnfair.com/detail/PI24030079237
Suit cross-border sports men's spring and autumn air layer cotton knitted hooded zipper shirt sports casual jacket sweatpants,队长这里供销社 性比价神店,https://cnfair.com/detail/PI24030079241
European and American Clint419 Alcatraz Prison pattern men's and women's same style sweatshirt set printed hoodie two-piece set,跨境专供厂,https://cnfair.com/detail/PI24030079251
【Ten Colors】High Quality Heavy CPFM kanye reborn three-dimensional foam printed hooded sweatshirt Men's and women's models,草帽出品【八点开拍】,https://cnfair.com/detail/PI24030079256
GALLERY DEPT Trendy European and American style patchwork bootcut trousers casual sports pants,深圳市宝安区学谦数码印花服装厂,https://cnfair.com/detail/PI24030079257
CPFM Smiley Sweatshirti feel ghosts graffiti foam print flame,chaosmade,https://cnfair.com/detail/PI24030079268
Trendy brand shark camouflage zipper sweatshirt for young men and women trendy personality hoodie street hip-hop student clothes jacket,木子潮品168,https://cnfair.com/detail/PI24030079271
European and American trendy brand letter printed casual loose sweatshirt Y2K hip hop street men and women pullover tops jacket trendy ins,防弹少年团TRAPSTAR外贸服装店,https://cnfair.com/detail/PI24030079274
NK x Drke 【HOODIE】Nocta cardinal stock,goat-official-3,https://cnfair.com/detail/PI24030079286
European and American trendy brand letter printed casual loose sweatshirt Y2K hip hop street men and women pullover tops jacket trendy ins,防弹少年团TRAPSTAR外贸服装店,https://cnfair.com/detail/PI24030079292
Cross-border men's knitted CU4 pocket breathable new sports and leisure leggings trousers running training pants 496,队长这里供销社 性比价神店,https://cnfair.com/detail/PI24030079305
New spring and autumn casual men's hoodie suit set Fleece casual printed sweatshirt trend,漫萌工坊,https://cnfair.com/detail/PI24030079309
European and American trendy brand new boat-shaped print American high street hooded sweatshirt streetwear Harajuku sweatshirt couple jacket,防弹少年团TRAPSTAR外贸服装店,https://cnfair.com/detail/PI24030079317
North Face Outdoor Men's GTX Waterproof Jacket Windbreaker 1898 color black Size M-4xl,小兔子外贸,https://cnfair.com/detail/PI24030079334
Round figure women's vest,GOAT,https://cnfair.com/detail/PI24030079338
KHT2 carhartt B01 Carhartt Main Line Multi-Pocket Overalls Double Knee Lumberjack Pants Canvas for Men and Women,KHT2,https://cnfair.com/detail/PI24030079340
BOYUE silk jump color-blocked lamb velvet jacket autumn and winter American retro outdoor loose splicing student cotton clothing for men and women,BOYUE原创工作室,https://cnfair.com/detail/PI24030079366
Supremeslp Original cotton Hooded sweater hoodie,Supremeslp,https://cnfair.com/detail/PI24030079386
Trendy brand shark camouflage zipper sweatshirt for young men and women trendy personality hoodie street hip-hop student clothes jacket,木子潮品168,https://cnfair.com/detail/PI24030079393
"Minustwo cargos Printed patchwork overalls, trendy casual high street trousers ins super popular and versatile af1",轩翔潮流,https://cnfair.com/detail/PI24030079396
Laolaoma plain 9-color small label embroidered TEE,点点小牙签,https://cnfair.com/detail/PI24030079400
Trendy brand shark camouflage zipper sweatshirt for young men and women trendy personality hoodie street hip-hop student clothes jacket,木子潮品168,https://cnfair.com/detail/PI24030079413
White high-waisted large size jeans women's straight 2022 autumn new style loose wide-leg slim floor-length trousers,欧日韩范,https://cnfair.com/detail/PI24030079421
New ESS sweatshirt plus fleece men's fleece sweatshirt pullover long-sleeved hoodie sweatshirt solid color fleece sweatshirt,防弹少年团TRAPSTAR外贸服装店,https://cnfair.com/detail/PI24030079427
2224#NK new embroidered velvet thickened round neck sweatshirt,长红贸易1.0,https://cnfair.com/detail/PI24030079435
"Black sweater for men, autumn and winter casual stretch bottoming shirt, slim youth turtleneck sweater for inner wear",洛蔓塔旗舰店,https://cnfair.com/detail/PI24030079457
Autonomy vintage B136 washed distressed double knee canvas overalls gravel gray logging pants vibe,东殿川 阿光一号,https://cnfair.com/detail/PI24030079489
CARHARTT WIP Kahart special attire casual trousers trendy brand washed multi-pockets retro straight drawstring feet,卡哈特carhartt,https://cnfair.com/detail/PI24030079524
Spi5der Tracksuit Drill fit Young Thug same style spider foam print set,3madman,https://cnfair.com/detail/PI24030079529
"European and American street fashion brands for men and women, couples loose sweatshirts, oversize hoodies, velvet jackets, world tour",十杯橙汁,https://cnfair.com/detail/PI24030079552
Black crew neck sweatshirt,THUNDER,https://cnfair.com/detail/PI24030079554
2023 autumn and winter new European and American street skateboard jacket men's hip-hop velvet flame sweatshirt women's trendy brand hoodie,勇闯天涯品质男装,https://cnfair.com/detail/PI24030079558
Japanese retro skull print tube top skirt for women summer new hot girl street versatile slim hip skirt,千禧辣妹店,https://cnfair.com/detail/PI24030079562
Beautiful trendy zipper men's and women's loose fleece sweatshirts and hoodies,把脉老中医,https://cnfair.com/detail/PI24030079582
2023 American retro bat versatile personalized pattern printed foam hoodie sweatshirt European and American fashion brand high street,防弹少年团TRAPSTAR外贸服装店,https://cnfair.com/detail/PI24030079589
Autumn and winter velvet fitness tops men's basketball tight-fitting training clothes sports running high elastic quick drying compression high collar long sleeves,堂俊金服饰店,https://cnfair.com/detail/PI24030079600
LD6005 Autumn and winter new trendy couple models OFF WHITE XX Pure cotton paint print fleece hooded sweatshirt Trendy men's and women's jackets black White M-XXL,偌潮馆,https://cnfair.com/detail/PI24030079620
vibe god pants B136 dark brown washed distressed double knee canvas overalls logging pants kenijima,东殿川 阿光一号,https://cnfair.com/detail/PI24030079625
Red small core 2 color hoodie 782973,日出20228602,https://cnfair.com/detail/PI24030079638
"Full face zipper sweatshirt, one piece to make new cross-border sweatshirt",漫萌工坊,https://cnfair.com/detail/PI24030079663
"European and American street fashion brands for men and women, couples loose sweatshirts, oversize hoodies, velvet jackets, world tour",十杯橙汁,https://cnfair.com/detail/PI24030079675
Extended version men's pants for thin and tall men 110 floor mopping pants 185cm super long legs 120 sports pants thin wide leg pants,九分帅旗舰店,https://cnfair.com/detail/PI24030079679
RE silver letters under eagle black hoodie card 809,小点点的小点点,https://cnfair.com/detail/PI24030079684
European and American high street vibe style skull print jeans street hip hop style men's and women's straight design trousers,G33原创潮男,https://cnfair.com/detail/PI24030079705
"Minustwo cargos Printed patchwork overalls, trendy casual high street trousers ins super popular and versatile af1",轩翔潮流,https://cnfair.com/detail/PI24030079709
European and American trendy brand new boat-shaped print American high street hooded sweatshirt streetwear Harajuku sweatshirt couple jacket,防弹少年团TRAPSTAR外贸服装店,https://cnfair.com/detail/PI24030079719
Work wear trendy brand CARHARTT WIP casual pants large pockets loose RE long pants solid color leggings,十岁的猫,https://cnfair.com/detail/PI24030079723
21SS European and American hip-hop singers have the same foam letter 555555 printed male and female couple sweatshirt hoodie trendy,深圳市鑫泰都国际贸易有限公司,https://cnfair.com/detail/PI24030079733
New spring and autumn casual men's hoodie suit set Fleece casual printed sweatshirt trend,漫萌工坊,https://cnfair.com/detail/PI24030079752
Casual foam co-branded printed hooded sweatshirt,PikaPikaGo,https://cnfair.com/detail/PI24030079762
Back Situ Colorful Sieve Tricolor Hoodie 691301,2022不期而遇,https://cnfair.com/detail/PI24030079764
Carhartt horizontal letter embroidery plus velvet hooded sweatshirt for men and women couples style trendy and loose,长红贸易1.0,https://cnfair.com/detail/PI24030079778
High Street Situs hip-hop sweatshirt for men 2023 new autumn and winter velvet thickened hooded trendy handsome loose teenagers,潮流时尚馆V,https://cnfair.com/detail/PI24030079792
Young Thug Star style Sp5der 555555 Pink Hoodie trousers and sweatshirt set,无敌美男子工作室,https://cnfair.com/detail/PI24030079807
Chest green Yuyu 22 color polo shirt 370517,tb1005773817的小店,https://cnfair.com/detail/PI24030079822
202653 gross,0832CLUB whatsapp：+86 15371475870,https://cnfair.com/detail/PI24030079827
itness Muscle Sleeveless Singlet Top Vest Tank man's clothes,Foreign trade clothing外贸服装,https://cnfair.com/detail/PI24030079832
Pocket green jade ⑤ color trousers 3102410,花生收割机,https://cnfair.com/detail/PI24030079843
S series hoodie 21FW new BOX,tb6034025635的小店,https://cnfair.com/detail/PI24030079852
Item No. 422024 Adidas Adidas Three Stripes Couple Sports Pants ins Straight Pants Loose Casual Pants,鱼与屿潮牌 七天无理由退货运费自理,https://cnfair.com/detail/PI24030079854
CH Kejia men's and women's same style CHROME mood patch leather washed jeans cross straight embroidered casual trendy pants,COOL黑马潮牌,https://cnfair.com/detail/PI24030079861
Original puree old cow Japanese ukiyo-e embroidered vintage distressed primary color jeans Heavy Thick Loose Straight Pants,大东 复古男装店,https://cnfair.com/detail/PI24030079868
Old Batch Big Size Pink P*NK velvet printed sweatpants,PikaPikaGo,https://cnfair.com/detail/PI24030079871
European and American trendy brand new boat-shaped print American high street hooded sweatshirt streetwear Harajuku sweatshirt couple jacket,防弹少年团TRAPSTAR外贸服装店,https://cnfair.com/detail/PI24030079881
Black down jacket with red strip on left chest 490131,2022不期而遇,https://cnfair.com/detail/PI24030079901
Trendy brand shark camouflage zipper sweatshirt for young men and women trendy personality hoodie street hip-hop student clothes jacket,木子潮品168,https://cnfair.com/detail/PI24030079918
Foreign trade autumn and winter models Women's Coral Velvet Cartoon Print Large Size Home Pants Loose Cute Warm Pants Plus Fat,【佐依莉】,https://cnfair.com/detail/PI24030079923
Foreign trade autumn and winter models Women's Coral Velvet Cartoon Print Large Size Home Pants Loose Cute Warm Pants Plus Fat,【佐依莉】,https://cnfair.com/detail/PI24030079924
European and American trendy brand TRAPSTAR white label black bag Oxford cloth crossbody bag hip-hop street couple storage bag,Trapstar工厂直营店,https://cnfair.com/detail/PI24030079937
Original Andre 3000 Character Tee,Baymax(CND),https://cnfair.com/detail/PI24030079940
ALYX style 9SM abstract Kangli printed pure cotton autumn new long-sleeved men and women graffiti inkjet European and American round neck,不要问我为什么厂长是我表哥 2号店铺,https://cnfair.com/detail/PI24030079951
Paris*alen*cia*ga letter logo printed hooded sweatshirt,大咖 （正常发货）,https://cnfair.com/detail/PI24030079965
Retro cargo pants minus twostreet multi-pocket printed hip hop y2k loose men's trendy pants,TrapstarLondon,https://cnfair.com/detail/PI24030079972
RO style wide-leg workwear sports trousers European and American high-waisted floor-length sweatpants trendy tethered fat-leg pants straight-leg pants,MAVERICK,https://cnfair.com/detail/PI24030079981
2224#NK new embroidered velvet thickened round neck sweatshirt,长红贸易1.0,https://cnfair.com/detail/PI24030080004
Chest green Yuyu 22 color polo shirt 370517,tb1005773817的小店,https://cnfair.com/detail/PI24030080022
"Foreign trade spring, autumn and winter models Men's single-face velvet casual plaid large size trousers home pants soft warm pajamas",【佐依莉】,https://cnfair.com/detail/PI24030080023
TRAVIS SCOTT co-branded McDonald's three-dimensional foam print men's and women's loose velvet hooded sweatshirt trendy,农村人卖潮牌,https://cnfair.com/detail/PI24030080028
corteiz American multi-pocket printed black overalls men's trendy street loose straight drawstring long pants,MR潮牌小店,https://cnfair.com/detail/PI24030080060
European and American trendy brand letter printed casual loose sweatshirt Y2K hip hop street men and women pullover tops jacket trendy ins,防弹少年团TRAPSTAR外贸服装店,https://cnfair.com/detail/PI24030080089
American retro splicing striped casual pants men's loose straight sports pants spring new ins high street trend,PigLet中性风,https://cnfair.com/detail/PI24030080096
Nine-color letter casual jacket 450750,青春有可为,https://cnfair.com/detail/PI24030080101
Threaded hem men's and women's casual sports suit Trapstar red and black tiger head sweatshirt and sweatpants suit,跨境专供厂,https://cnfair.com/detail/PI24030080165
10 colors of knitted fabric healthy cloth can be used as cardigans and sweatshirts,小李裁缝店可定制,https://cnfair.com/detail/PI24030080166
Color hoodie with blurred letters painted on the front 3121411,花生收割机,https://cnfair.com/detail/PI24030080168
FLA autonomous PLAYBOI CARTI WHOLE LOTTA RED Black cat sweatshirt hooded men and women ins,FLANEUR ATELIER,https://cnfair.com/detail/PI24030080170
Old Batch Rhinestone Hoodie Beautiful trendy rhinestone hooded sweatshirt,PikaPikaGo,https://cnfair.com/detail/PI24030080200
Ambition N Vintage Crewneck double neckline pullover retro sweater 90 years old,AMBITION Official,https://cnfair.com/detail/PI24030080208
European and American trendy brand new boat-shaped print American high street hooded sweatshirt streetwear Harajuku sweatshirt couple jacket,防弹少年团TRAPSTAR外贸服装店,https://cnfair.com/detail/PI24030080209
Trendy brand high street flying dog print jeans men's hip-hop straight loose loose couple casual Ma Siwei same style pants trendy,MR潮牌小店,https://cnfair.com/detail/PI24030080212
"Full face zipper sweatshirt, one piece to make new cross-border sweatshirt",漫萌工坊,https://cnfair.com/detail/PI24030080219
2022 New Downhill Suit Fleece Warm Sweater MotoGP Men’s and Women’s VR46 Motorcycle Outdoor Cycling Suit Long Sleeve,高尔夫商务休闲衬衫,https://cnfair.com/detail/PI24030080257
Вышитое пальтоRetro new style hoodie printed embroidered zipper jacket,欧美服饰印花店Shopping apparel T Shirt sweater,https://cnfair.com/detail/PI24030080269
【Lw version B-grade defective soft bag No returns or exchanges if there are no major problems】Yeezy Foam Runner Coconut Crocs,想当个慈善家,https://cnfair.com/detail/PI24030080290
London #TPPRO019 FGTWY Sweatshirt stand collar cardigan sweatshirt,RepsShop,https://cnfair.com/detail/PI24030080300
Japanese 450g heavyweight pure cotton camouflage shark zipper sweatshirt couple men and women spring and autumn coats,Henz线上店,https://cnfair.com/detail/PI24030080301
2224# Nike new embroidered velvet thickened round neck sweatshirt,长红贸易1.0,https://cnfair.com/detail/PI24030080330
18 new angel blue three-bar trousers student school pants zipper ankle pants sports drawstring trousers,深圳市福田区巴坦木服装厂,https://cnfair.com/detail/PI24030080338
American street heavyweight high-end spliced jeans men's loose vibe style high street wide leg drapey straight trousers,G33原创潮男,https://cnfair.com/detail/PI24030080345
Trendy brand shark camouflage zipper sweatshirt for young men and women trendy personality hoodie street hip-hop student clothes jacket,木子潮品168,https://cnfair.com/detail/PI24030080360
Men Boxers,Western boys,https://cnfair.com/detail/PI24030080374
Men Boxers,Western boys,https://cnfair.com/detail/PI24030080375
Men Boxers,Western boys,https://cnfair.com/detail/PI24030080376
Men Boxers,Western boys,https://cnfair.com/detail/PI24030080377
Men Boxers,Western boys,https://cnfair.com/detail/PI24030080378
Yeezy season6 calabasas coconut solid color Kanye's same style loose men's and women's velvet trousers and sweatpants,潮牌发源地,https://cnfair.com/detail/PI24030080392
Sp5der 555555 Slate Grey Web Hoodie pants Spider web sweatshirt trousers,最高荣誉,https://cnfair.com/detail/PI24030080406
Carhartt main line heavy retro distressed jeans ins trendy brand men's and women's loose straight trousers,潮人社区代购,https://cnfair.com/detail/PI24030080413
Corteiz European and American multi-pocket printed black overalls men's trendy loose straight drawstring long pants,VlP高街潮流工作室,https://cnfair.com/detail/PI24030080423
BAPESTA first year meteor crying face INS print men and women loose cotton trousers casual pants jeans,BAPE STA,https://cnfair.com/detail/PI24030080426
Subway hooligan Hooded Sweatshirt,地铁小流氓,https://cnfair.com/detail/PI24030080434
European and American cross-border men's and women's clothing autumn new style 2022 European and American loose tops star printed zipper hooded sweatshirt,中山市米浪电子商务有限公司,https://cnfair.com/detail/PI24030080437
Men's size NIKE trousers Stussy trousers Stussy trousers co-branded trousers for men and women of the same style winter classic embroidered logo Asian version sweatpants loose casual knitted plus velvet thickened warm trendy brand men's trousers closed leggings sweatpants men's Nike trousers women DJ9491 063 DN4031 010,ADIDAS x NIKE,https://cnfair.com/detail/PI24030080449
Men's spring and autumn long-sleeved shirt cotton youth business casual slim fashion fashion Paul plaid men's shirt,湖南律华服饰有限公司,https://cnfair.com/detail/PI24030080450
Hasbulla Fighting Meme T Shirt Men Women Mini Khabib Blogger,防弹少年团TRAPSTAR外贸服装店,https://cnfair.com/detail/PI24030080459
Casual foam co-branded printed hooded sweatshirt,PikaPikaGo,https://cnfair.com/detail/PI24030080463
Trendy brand shark camouflage zipper sweatshirt for young men and women trendy personality hoodie street hip-hop student clothes jacket,木子潮品168,https://cnfair.com/detail/PI24030080473
REP sweatshirt hoodie basic slogan CLUB hoodie white green blue black J,chaos new,https://cnfair.com/detail/PI24030080476
L0085-9L,Henry 2,https://cnfair.com/detail/PI24030080478
Same style as European and American internet celebrities Sp5der 555555 Hoodie pants purple trousers sweatshirt suit,潮牌黑人街,https://cnfair.com/detail/PI24030080510
Stussy Stussy classic small embroidery logo round neck sweatshirt sweatshirt,长红贸易1.0,https://cnfair.com/detail/PI24030080514
Hasbulla Fighting Meme T Shirt Men Women Mini Khabib Blogger,防弹少年团TRAPSTAR外贸服装店,https://cnfair.com/detail/PI24030080543
KL58YYSSW031UYZ,Makebetter,https://cnfair.com/detail/PI24030080549
9000 Celine new retro sports pants embroidered webbing wide-leg pants [Coats are also available] Today is a different sports style These pants really make your legs look longer🦵 It is very comfortable for sports and daily wear✔️✔️ I really like this simple and relaxed way of wearing it. The whole set is perfect,鲨鱼潮品 全店包邮,https://cnfair.com/detail/PI24030080584
Passed version 20SS Week 7 Kanji Logo Crewneck Men's round neck sweatshirt with Chinese character embroidery,我要买大G,https://cnfair.com/detail/PI24030080590
"Carhartt wip Kahart trousers, soft trousers, retro couple street trend, Japanese style for men and women",Carhartt卡哈特实体潮流店,https://cnfair.com/detail/PI24030080594
"Summer ice silk sun protection riding hood for men, motorcycle helmet lining, female black and white motorcycle hood",冰柒零户外软装备,https://cnfair.com/detail/PI24030080621
Clearance clearance foreign trade American cool and spicy overalls for women in spring and autumn design niche loose straight wide leg pants,百公里挑衣,https://cnfair.com/detail/PI24030080623
12 colors European and American RL classic solid color basic double-sided cloth retro heavy industry simple pony embroidery round neck sweatshirt,云端shop,https://cnfair.com/detail/PI24030080629
apparel,青春有可为,https://cnfair.com/detail/PI24030080631
2022 New Men's Down Cotton Vest Casual Sports Warm Fashion Vest Vest Men and Women Couples Free Shipping,羽绒世家厂家直销,https://cnfair.com/detail/PI24030080636
itness Muscle Sleeveless Singlet Top Vest Tank man's clothes,Foreign trade clothing外贸服装,https://cnfair.com/detail/PI24030080638
itness Muscle Sleeveless Singlet Top Vest Tank man's clothes,Foreign trade clothing外贸服装,https://cnfair.com/detail/PI24030080639
"Minustwo cargos Printed patchwork overalls, trendy casual high street trousers ins super popular and versatile af1",轩翔潮流,https://cnfair.com/detail/PI24030080655
Old batch Big size Maroon gold spider web print plus velvet casual sweatpants,PikaPikaGo,https://cnfair.com/detail/PI24030080679
National trendy sweaters for men and women ins autumn popular trendy brand round neck anime loose sweaters for men and women couples dark style,一家港味装,https://cnfair.com/detail/PI24030080728
Yeezy season6 calabasas coconut solid color Kanye's same style loose men's and women's velvet trousers and sweatpants,潮牌发源地,https://cnfair.com/detail/PI24030080729
"Full face zipper sweatshirt, one piece to make new cross-border sweatshirt",漫萌工坊,https://cnfair.com/detail/PI24030080741
BTSG American erosion and destruction raw edge high street jeans men's ins hip-hop trendy brand vintage slimming long pants,BTSG,https://cnfair.com/detail/PI24030080750
21SS European and American hip-hop singers have the same foam letter 555555 printed male and female couple sweatshirt hoodie trendy,深圳市鑫泰都国际贸易有限公司,https://cnfair.com/detail/PI24030080767
European and American trendy brand new boat-shaped print American high street hooded sweatshirt streetwear Harajuku sweatshirt couple jacket,防弹少年团TRAPSTAR外贸服装店,https://cnfair.com/detail/PI24030080774
AM European men's jeans with hole patch embroidered five-pointed star trendy elastic slim-fitting small-leg pants high-end men's pants,云韵天然风服饰,https://cnfair.com/detail/PI24030080782
Y21TP475 cross-border European and American autumn new round neck long-sleeved pullover printed micro-transparent fashion casual women's tops,广州萨瓦迪卡服装实力供应商,https://cnfair.com/detail/PI24030080792
"Avocado green, white, halterneck, one-shoulder, long-sleeved dress, hot girl slimming, fishtail hip-hugging long skirt",Strawberry欧美范,https://cnfair.com/detail/PI24030080797
Ten color letter casual pants 450749,青春有可为,https://cnfair.com/detail/PI24030080815
American hiphop heavy industry functional style multi-pocket overalls for men in autumn design niche trendy brand wide-leg trousers,毒菌后街工作室,https://cnfair.com/detail/PI24030080824
"Autumn and winter polar fleece fleece gloves to keep warm and cold-proof, outdoor windproof and waterproof skiing, riding and driving touch screen gloves",Timor提莫手套,https://cnfair.com/detail/PI24030080849
Trendy brand shark camouflage zipper sweatshirt for young men and women trendy personality hoodie street hip-hop student clothes jacket,木子潮品168,https://cnfair.com/detail/PI24030080858
FLA autonomous PLAYBOI CARTI WHOLE LOTTA RED Black cat sweatshirt hooded men and women ins,FLANEUR ATELIER,https://cnfair.com/detail/PI24030080894
Cross-border foreign trade kanye Men's and women's kapok jeans all-over printed motorcycle denim jacket men's jacket,广州豪聚贸易商行,https://cnfair.com/detail/PI24030080902
High Street Situs hip-hop sweatshirt for men 2023 new autumn and winter velvet thickened hooded trendy handsome loose teenagers,潮流时尚馆V,https://cnfair.com/detail/PI24030080909
North Face TNF Cotton Vest Men's and Women's 2021 Autumn and Winter New Stand Collar Warm Jacket Sports Vest ED-1995 S-2XL,小兔子外贸,https://cnfair.com/detail/PI24030080910
FLA autonomous MASK JACQUARD SHERPA Mask Jacquard Sherpa Black Eight Jacket Zip Cardigan,FLANEUR ATELIER,https://cnfair.com/detail/PI24030080927
European and American trend Halloween series printed hot diamond hooded cardigan zipper loose men's and women's trendy brand sweatshirt jacket fn,欧美服饰印花店Shopping apparel T Shirt sweater,https://cnfair.com/detail/PI24030080955
21SS European and American hip-hop singers have the same foam letter 555555 printed male and female couple sweatshirt hoodie trendy,深圳市鑫泰都国际贸易有限公司,https://cnfair.com/detail/PI24030080956
Trapstar rainbow letters gradient towel embroidery suit,OW服装店,https://cnfair.com/detail/PI24030080971
14 15 Retro Bracelona MESSI SUAREZ NEYMAR JR Soccer Jersey,Top Retro Jerseys,https://cnfair.com/detail/PI24030080996
2022 new sweatshirt European and American ins Kanye Travis Scott Funny foam printed hooded sweatshirt for men,NT 嘻哈街头潮牌店,https://cnfair.com/detail/PI24030080997
kk20,2022不期而遇,https://cnfair.com/detail/PI24030081004
"Autumn and winter new style down cotton vest for female students to wear outside, casual stand-up collar waistcoat, thickened bread jacket, vest, trendy",千色彩服饰帽子店,https://cnfair.com/detail/PI24030081039
Retro overalls trendy brand minus two street multi-pocket high waist straight printed hip hop planet pants y2k pants,TrapstarLondon,https://cnfair.com/detail/PI24030081041
1954  A must-have overall for trendy men! Men's fleece style casual cuffed pants with multiple pockets! The upper body is super stylish! !,萌萌出品（全店包邮 一件代发）,https://cnfair.com/detail/PI24030081058
blue Hong Kong chic striped shirt for women 2023 early spring embroidered lapel shirt Korean style loose casual top,童诗瑶旗舰店,https://cnfair.com/detail/PI24030081083
BBC light blue flying dog washed white jeans American trendy distressed denim high street hip-hop slimming pants for men,FROM THE STREET 来自街头,https://cnfair.com/detail/PI24030081084
"Japanese simple straight-leg suit pants for men, spring and autumn, versatile wide-leg drape, loose casual small suit pants for boys",瑞威拉旗舰店,https://cnfair.com/detail/PI24030081095
Trendy brand shark camouflage zipper sweatshirt for young men and women trendy personality hoodie street hip-hop student clothes jacket,木子潮品168,https://cnfair.com/detail/PI24030081106
European and American hip-hop style severed bear embroidery palm letter hooded fleece sweatshirt for men and women couple hoodie jacket,NT 嘻哈街头潮牌店,https://cnfair.com/detail/PI24030081115
"Autumn and winter polar fleece fleece gloves to keep warm and cold-proof, outdoor windproof and waterproof skiing, riding and driving touch screen gloves",Timor提莫手套,https://cnfair.com/detail/PI24030081226
ANGEL KING Small sailing suit hooded sweatshirt + sweatpants niche street versatile loose hoodie suit,ANGELKING47,https://cnfair.com/detail/PI24030081231
2223 Mexico away player version (Baocheng),体育世界,https://cnfair.com/detail/PI24030081252
Chest color code pattern ②③ color POLO shirt 370910,花生收割机,https://cnfair.com/detail/PI24030081293
forwarding order,D12876BBA3A89B2BDB9623CAD0757967,https://cnfair.com/detail/PI24030081312
Original black Sanskrit letter towel bottom popular sports men's and women's college style mid-tube cotton,Baymax(CND),https://cnfair.com/detail/PI24030081328
Original black Sanskrit letter towel bottom popular sports men's and women's college style mid-tube cotton,Baymax(CND),https://cnfair.com/detail/PI24030081329
Original black Sanskrit letter towel bottom popular sports men's and women's college style mid-tube cotton,Baymax(CND),https://cnfair.com/detail/PI24030081330
Trapstar red thread black tiger head towel embroidered velvet hooded sweatshirt zippered trousers casual suit,广州妙伶贸易商行,https://cnfair.com/detail/PI24030081336
New Northern Ireland cover GAA Donegal Rick Antrim cork Mio olive training shirt,冷门球衣爱好者,https://cnfair.com/detail/PI24030081350
clothing,CNFactory,https://cnfair.com/detail/PI24030081370
American high street European and American hip-hop style beheaded bear embroidered hooded plus velvet sweatshirt for men and women couples hoodie jacket trendy,NT 嘻哈街头潮牌店,https://cnfair.com/detail/PI24030081390
"American style multi-pocket Alcatraz print black overalls for men, trendy brand loose straight drawstring long pants for men",0668原创设计师品牌,https://cnfair.com/detail/PI24030081391
"American design, national trend, original straight multi-pocket adjustable drawstring casual loose trousers for men and women ins trend",MEBXX,https://cnfair.com/detail/PI24030081404
Зиппер! пальт2022 European and American popular zipper sweatshirt retro hoodie jacket,欧美服饰印花店Shopping apparel T Shirt sweater,https://cnfair.com/detail/PI24030081421
Korean style Palm Angel side striped casual jacket men's campus style Angels sweatshirt top women's trendy,直销潮牌店,https://cnfair.com/detail/PI24030081425
Hansolo new 8-color round neck sweatshirt,46546493216,https://cnfair.com/detail/PI24030081427
European and American trendy brand letter printed casual loose sweatshirt Y2K hip hop street men and women pullover tops jacket trendy ins,防弹少年团TRAPSTAR外贸服装店,https://cnfair.com/detail/PI24030081477
FLA autonomous FLANEUR REVENGE style embroidered straight jeans trousers casual pants high street fashion,FLANEUR ATELIER,https://cnfair.com/detail/PI24030081601
BF Internet celebrity style new solid color sweatshirt for men and women spring and autumn student casual Korean style fried street hooded plus velvet hoodie,奢耐文艺男 SHERNA,https://cnfair.com/detail/PI24030081602
Special price running quantity exported to American team basketball rugby ice hockey student fleece hooded pullover sweatshirt men's large size,波哥库存尾货男装工作室,https://cnfair.com/detail/PI24030081621
"Minustwo cargos Printed patchwork overalls, trendy casual high street trousers ins super popular and versatile af1",DragonRep123Corteiz,https://cnfair.com/detail/PI24030081631
Men's spring new casual loose cotton comfortable sweatpants knitted running sports pants 2714,左岸男装,https://cnfair.com/detail/PI24030081633
RO style trendy dark multi-pocket workwear straight casual drawstring matte surface coated wide-leg floor mopping pants for men and women,小C原创设计,https://cnfair.com/detail/PI24030081656
European and American trendy brand new boat-shaped print American high street hooded sweatshirt streetwear Harajuku sweatshirt couple jacket,防弹少年团TRAPSTAR外贸服装店,https://cnfair.com/detail/PI24030081663
"""Type II"" Doublehit eight-pointed star embroidery pattern printed loose hoodie street cardigan hooded sweatshirt",外贸服饰直销店,https://cnfair.com/detail/PI24030081664
https://weidian.com/item.html?itemID=3677326869,FGSDFSHB,https://cnfair.com/detail/PI24030081700
P.ari 21-22 long sleeve tracksuit S-2XL,AAAA2丨FR丶GE丶NL,https://cnfair.com/detail/PI24030081768
Autumn and winter classic young men Korean style casual couple trendy personalized zipper cardigan sweatshirt ins Trendy men's clothing,Lens Crew,https://cnfair.com/detail/PI24030081786
Hasbulla Fighting Meme T Shirt Men Women Mini Khabib Blogger,防弹少年团TRAPSTAR外贸服装店,https://cnfair.com/detail/PI24030081806
FLA autonomous JOY DIVISION BRAD PITT PULLOVER Popular high street pullover hooded sweatshirt,FLANEUR ATELIER,https://cnfair.com/detail/PI24030081826
